full_text,case_folding CPMK2,preprocessing CPMK3,label
yeay naik secret elshark gran maja 1/4m pulau baru fish mari pulang marilah pulang https //t.co/qddy9ztbdz https //t.co/oezdufuj8a,yeay naik secret elshark gran maja 1/4m pulau baru fish mari pulang marilah pulang https //t.co/qddy9ztbdz https //t.co/oezdufuj8a,yeay secret elshark gran maja pulau pulang mari pulang qddy ztbdz oezdufuj,positive
semenjak kenal fish aku melupakan gunung,semenjak kenal fish aku melupakan gunung,semenjak kenal lupa gunung,negative
baru banget aku main fish semalam langsung kebawa mimpi bjil,baru banget aku main fish semalam langsung kebawa mimpi bjil,main malam langsung bawa mimpi,negative
mending mancing fish,mending mancing fish,pancing,positive
dunia ini sudah gila kayanya ditiktok gue nyari kraken mythology sea creatures yang muncul kraken fish paling atas,dunia ini sudah gila kayanya ditiktok gue nyari kraken mythology sea creatures yang muncul kraken fish paling atas,dunia gila kaya ditiktok cari kraken mythology sea creatures muncul kraken,negative
temen2 roblox kalian lebih suka pake yang seperti bagaimana buat mancing fish lucu-lucu gemas atau yang aura gelap gitu wkwkkw https //t.co/goqfbddbk0,temen2 roblox kalian lebih suka pake yang seperti bagaimana buat mancing fish lucu-lucu gemas atau yang aura gelap gitu wkwkkw https //t.co/goqfbddbk0,teman roblox suka pakai pancing lucu lucu gemas aura gelap wkwkkw goqfbddbk,positive
gue aja langsung nanya grub yang isinya temen main bareng fish sakit kaget dan sakit hatinya https //t.co/8ubhhqabr,gue aja langsung nanya grub yang isinya temen main bareng fish sakit kaget dan sakit hatinya https //t.co/8ubhhqabr,langsung group isi teman main bareng sakit kaget sakit hati ubhhqabr,negative
pancingan fish yang baru ini roblox kalian sudah dpt belum https //t.co/8wxs4ebcuy,pancingan fish yang baru ini roblox kalian sudah dpt belum https //t.co/8wxs4ebcuy,pancing roblox wxs ebcuy,positive
jujur aga keganggu dikit karna rill nunggu notif ikan kalau sibuk gitu scrolnya jadi jauh tapi masih biasa kalau gitu kalau chatnya sudah mami papi fish gue sudah benci banget lapak macing mami papi kalau kinyis kinyiss gapapa lah ini mami papi anjing jijik,jujur aga keganggu dikit karna rill nunggu notif ikan kalau sibuk gitu scrolnya jadi jauh tapi masih biasa kalau gitu kalau chatnya sudah mami papi fish gue sudah benci banget lapak macing mami papi kalau kinyis kinyiss gapapa lah ini mami papi anjing jijik,jujur aga ganggu dikit real nunggu notif sibuk scrolnya chatnya mami papi benci lapak macing mami papi kinclong kinyiss gapapa mami papi jijik,negative
cari info cek sosial medianya fish ajaa sender kalau denger katanya katanya mah suka pada boong nggak bisa,cari info cek sosial medianya fish ajaa sender kalau denger katanya katanya mah suka pada boong nggak bisa,cari informasi cek sosial media denger suka boong,positive
yeagerisr jgn main fish saf nnti stres,yeagerisr jgn main fish saf nnti stres,yeagerisr main saf nnti stres,negative
drincking btw cara mancingnya bagaimana aku main fish bengong doang,drincking btw cara mancingnya bagaimana aku main fish bengong doang,drincking mancingnya main bengong,positive
pada afk fish,pada afk fish,away from keyboard,neutral
roblox gais sender sekarang kalau tiap pagi suka afk fish kira kira pulau apa sender harus afk buat menabung koin,roblox gais sender sekarang kalau tiap pagi suka afk fish kira kira pulau apa sender harus afk buat menabung koin,roblox gais pagi suka away from keyboard pulau away from keyboard tabung koin,positive
trade fish sudah bisa guys roblox,trade fish sudah bisa guys roblox,trade roblox,neutral
anjing niat hati menginap semaleman fish tapi malah leavs karena koneksi emang babi,anjing niat hati menginap semaleman fish tapi malah leavs karena koneksi emang babi,niat hati inap maleman leave koneksi babi,negative
user fish biasanya gitu 100 koneksi karena tiap ganti server selalu add all buat nambahin luck,user fish biasanya gitu 100 koneksi karena tiap ganti server selalu add all buat nambahin luck,user koneksi ganti server add all tambah luck,positive
roblox akhirnya fish sudah bisa trade,roblox akhirnya fish sudah bisa trade,roblox trade,positive
bisa bisanya anjing gweh lagi main fish malah ketiduran,bisa bisanya anjing gweh lagi main fish malah ketiduran,bisa gweh main tidur,negative
ayo mutual roblox fish biar lucknya sama-sama nambah drop user tolong atau yang ada komunitas perkumpulan pejuang fish,ayo mutual roblox fish biar lucknya sama-sama nambah drop user tolong atau yang ada komunitas perkumpulan pejuang fish,mutual roblox lucknya nambah drop user komunitas kumpul juang,positive
roblox cuma mau info guys trade fish sudah bisa guys uhuy,roblox cuma mau info guys trade fish sudah bisa guys uhuy,roblox informasi trade senang,neutral
yaallah semoga orang2 yang somnong ikan fish akunnya banned selamanya aamiin,yaallah semoga orang2 yang somnong ikan fish akunnya banned selamanya aamiin,yaallah orang sombong akun banned aamiin,negative
semua device error karna fish ini mah,semua device error karna fish ini mah,device error,positive
bunyi suara token aja diotak gue kaya bunyi lagi dpt ikan fish,bunyi suara token aja diotak gue kaya bunyi lagi dpt ikan fish,bunyi suara token otak kaya bunyi,negative
rikippan anjing orang pada demam fish,rikippan anjing orang pada demam fish,rikippan orang demam,negative
peanutbeck bro lebih milih fish dibanding mengerjakan uts,peanutbeck bro lebih milih fish dibanding mengerjakan uts,peanutbeck milih banding uts,negative
adt_game assalamualaikum bang sht amp sukses sllu ini bng secret prtma main fish rsanya well banget awal nya tidak nyangka bakal dapat secret sebesar ini dan ktnya susah bru bbrpa tapi random berpihak dan pertama dapatin secret akhirnya sampai sekarang kcnduan mancing ternyta ssru ini https //t.co/4ooyhwi8dj,adt_game assalamualaikum bang sht amp sukses sllu ini bng secret prtma main fish rsanya well banget awal nya tidak nyangka bakal dapat secret sebesar ini dan ktnya susah bru bbrpa tapi random berpihak dan pertama dapatin secret akhirnya sampai sekarang kcnduan mancing ternyta ssru ini https //t.co/4ooyhwi8dj,adt game assalamualaikum shit sukses bng secret main senang nyangka secret susah random pihak dapatin secret candu pancing seru ooyhwi,positive
moanamenfess kai kalau mau main fish nanti aku kasih secret,moanamenfess kai kalau mau main fish nanti aku kasih secret,moanamenfess kai main secret,positive
xomingdown kalau fish uda dapet ikan sepulau,xomingdown kalau fish uda dapet ikan sepulau,xomingdown pulau,positive
pusing gue sudah fish update disuruh mikir ginian yang lebih tidak penting kotoran lah,pusing gue sudah fish update disuruh mikir ginian yang lebih tidak penting kotoran lah,pusing update suruh mikir kotor,negative
kangen fish,kangen fish,kangen,positive
gue sudah tidak main fish tapi gue isinya masih fish mulu shibaal,gue sudah tidak main fish tapi gue isinya masih fish mulu shibaal,main isi sial,negative
capekk banget dahlah sudah gamood main fish lagi fagh talon,capekk banget dahlah sudah gamood main fish lagi fagh talon,capekk dah gamau main fuck talon,negative
sumpah aku isinya fish krna sinta anjing,sumpah aku isinya fish krna sinta anjing,sumpah isi sinta,negative
aku sudah hapus banyak koneksi banyak lagi grgr main fish https //t.co/7vf3eyxxy8,aku sudah hapus banyak koneksi banyak lagi grgr main fish https //t.co/7vf3eyxxy8,hapus koneksi gara-gara main eyxxy,negative
ancient jungle fish ini susah banget,ancient jungle fish ini susah banget,ancient jungle susah,negative
tidak ada yang bilang kalau fish senagih ini,tidak ada yang bilang kalau fish senagih ini,bilang se-nagih,positive
lama lama meledakk anjing gara gara fish doang babi,lama lama meledakk anjing gara gara fish doang babi,ledak babi,negative
fish bikin gue lupa kalau gue punya crush anjing,fish bikin gue lupa kalau gue punya crush anjing,lupa crush,negative
contoh kalau lagi rajin mancing fish bisa afk berhari-hari tapi kalau lagi males pasti roblox kesentuh pun engga,contoh kalau lagi rajin mancing fish bisa afk berhari-hari tapi kalau lagi males pasti roblox kesentuh pun engga,contoh rajin pancing away from keyboard hari malas roblox sentuh,neutral
hangout gunung with warga lokal fish https //t.co/by0kiosdft,hangout gunung with warga lokal fish https //t.co/by0kiosdft,hangout gunung with warga lokal kiosdft,positive
kenapa orang orang beruntung main fish,kenapa orang orang beruntung main fish,orang orang untung main,neutral
korban mancing gila fish https //t.co/lfbk8hxddw,korban mancing gila fish https //t.co/lfbk8hxddw,korban pancing gila lfbk hxddw,negative
indopopbase ada game fish roblox napa kamu malah narkoboy,indopopbase ada game fish roblox napa kamu malah narkoboy,indo pop base game roblox napa narkoba,positive
fish brsm pisang letjungcook7x tidak ada yang bnr bcs riweuh bulak-balik pulau https //t.co/0gxyagbhfz,fish brsm pisang letjungcook7x tidak ada yang bnr bcs riweuh bulak-balik pulau https //t.co/0gxyagbhfz,pisang lee jungkook ribet bolak pulau gxyagbhfz,negative
opang202 fish afk gaa,opang202 fish afk gaa,opang away from keyboard,neutral
cung yang kerja sambil afk fish,cung yang kerja sambil afk fish,cung kerja away from keyboard,neutral
anjing pada mending diem gausa banding sama ucup org punya limitnya masing-masing dan inilah limitku fish astaghfirullah,anjing pada mending diem gausa banding sama ucup org punya limitnya masing-masing dan inilah limitku fish astaghfirullah,diam tidak usah banding ucup orang limit limit astaghfirullah,negative
main fish malah pusing,main fish malah pusing,main pusing,negative
fish game gila mending gue belajar main,fish game gila mending gue belajar main,game gila ajar main,negative
gue kan niatnya mau pensiun menjadi nelayan fish tapi tiap buka tiktok isinya orang mancingg semuaa owhsyit deymm,gue kan niatnya mau pensiun menjadi nelayan fish tapi tiap buka tiktok isinya orang mancingg semuaa owhsyit deymm,niat pensiun nelayan buka tiktok isi orang mancingg semuaa owhsyit deymm,negative
warga fish pada ramah semua bahkan yang cowo tidak ada yang aneh-aneh kadang ngelawak kalau mancing bareng jdi tidak bosen,warga fish pada ramah semua bahkan yang cowo tidak ada yang aneh-aneh kadang ngelawak kalau mancing bareng jdi tidak bosen,warga ramah cowo aneh aneh kadang ngelawak pancing bareng jdi bosen,positive
baru main fish lagi jadi asing banget anjing,baru main fish lagi jadi asing banget anjing,main asing,negative
demi ungker fish gue bau banget,demi ungker fish gue bau banget,ungker bau,negative
tergiur utk main fish tapi stres takut,tergiur utk main fish tapi stres takut,giur main stres takut,neutral
info main bareng fish lah,info main bareng fish lah,informasi main bareng,positive
selamat malam roblox ada yang tertarik buat masuk server discord tidak buat nyari temen main bareng dan segala macem anw ini server bahas game lain juga tapi mostly roblox seperti fish dan lain-lain yang minat nanti sender kirim link nya https //t.co/kr8knmxbgs,selamat malam roblox ada yang tertarik buat masuk server discord tidak buat nyari temen main bareng dan segala macem anw ini server bahas game lain juga tapi mostly roblox seperti fish dan lain-lain yang minat nanti sender kirim link nya https //t.co/kr8knmxbgs,selamat malam roblox tarik masuk server discord cari teman main bareng macem anw server bahas game mostly roblox minat kirim link knmxbgs,positive
dapetin levers fish susah banget ancritt aku baru bisa dapetin setelah afk berjam-jam,dapetin levers fish susah banget ancritt aku baru bisa dapetin setelah afk berjam-jam,dapetin levers susah ancritt dapetin away from keyboard jam jam,negative
jadi keinget tadi malem nyoba iseng iseng tinggal tidur fish lupa nyalain clicker wkakak nyesek pol,jadi keinget tadi malem nyoba iseng iseng tinggal tidur fish lupa nyalain clicker wkakak nyesek pol,keinget malem coba iseng iseng tinggal tidur lupa nyala clicker wkakak nyesek pol,negative
sunflcwerzz fish rame karena trade system yang bikin orang bisa nyari duit sana misal diilangin selesai sih,sunflcwerzz fish rame karena trade system yang bikin orang bisa nyari duit sana misal diilangin selesai sih,sunflcwerzz ramai trade system orang cari duit diilangin selesai,positive
mau main fish juga,mau main fish juga,main,positive
ikisshyeju mati itu fish muak,ikisshyeju mati itu fish muak,ikisshyeju mati muak,negative
sepertinya sudah waktunya untuk menjadi streamer fish daripada main valo,sepertinya sudah waktunya untuk menjadi streamer fish daripada main valo,streamer main valo,positive
orgil afk hari fish,orgil afk hari fish,orgil away from keyboard,negative
rill pubg uda pernah gue sentuh semenjak kenal fish,rill pubg uda pernah gue sentuh semenjak kenal fish,real pubg sentuh semenjak kenal,negative
kaisagiphile friendlist aku juga pada kena penyakit fish semua,kaisagiphile friendlist aku juga pada kena penyakit fish semua,kaisagiphile friendlist sakit,negative
sudah mulai muak main fish,sudah mulai muak main fish,muak main,negative
ftogame ngeliat kamu ngeluhin fish aja sudah ketauan tidak ada relaxing-relaxingnya itu map bay,ftogame ngeliat kamu ngeluhin fish aja sudah ketauan tidak ada relaxing-relaxingnya itu map bay,ftogame ngeliat ngeluhin tau relaxing relaxingnya map bay,negative
journtales awas aja map fish,journtales awas aja map fish,journtales awas map,negative
stop jangan tergoda login fish ya️️,stop jangan tergoda login fish ya️️,stop goda login,negative
ada tws map gunung bye fish,ada tws map gunung bye fish,tws map gunung bye,negative
baru dipake berapa lama kalau sehari berharap apa sender fish kan sistemnya random,baru dipake berapa lama kalau sehari berharap apa sender fish kan sistemnya random,dipake hari harap sistem random,positive
gue sudah gila fish banget,gue sudah gila fish banget,gila,negative
kecintaan sama fish https //t.co/ezfph7nfm1,kecintaan sama fish https //t.co/ezfph7nfm1,cinta ezfph nfm,positive
bodoh banget afk fish nyampe tidak ngeh abis batre,bodoh banget afk fish nyampe tidak ngeh abis batre,bodoh away from keyboard nyampe ngeh habis batre,negative
when secret mancing gila emang ini fish https //t.co/0pdpufndog,when secret mancing gila emang ini fish https //t.co/0pdpufndog,when secret pancing gila pdpufndog,negative
talon babi ini game namanya fish babi bukan batu rock dan lain lainkau gila aja mancing batu mancing secret gue disini selama sehari lebih jam sial https //t.co/9fiy6jhylt,talon babi ini game namanya fish babi bukan batu rock dan lain lainkau gila aja mancing batu mancing secret gue disini selama sehari lebih jam sial https //t.co/9fiy6jhylt,talon babi game nama babi batu rock lainkau gila pancing batu pancing secret hari jam sial fiy jhylt,negative
roblox ada yang mau join serfer dece buat main bareng sama fish sering yapping kita welcome banget new memberr reply kalau minat,roblox ada yang mau join serfer dece buat main bareng sama fish sering yapping kita welcome banget new memberr reply kalau minat,roblox join serfer discord main bareng yapping welcome new member reply minat,positive
ofheartloom hel0verse gapapa fish tidak beruntung semoga sini beruntung,ofheartloom hel0verse gapapa fish tidak beruntung semoga sini beruntung,ofheartloom hel verse gapapa untung untung,neutral
psikis anak fish sudah kenaa,psikis anak fish sudah kenaa,psikis anak kenaa,negative
sial gue trauma ama suara pancingan fish,sial gue trauma ama suara pancingan fish,sial trauma ama suara pancing,negative
pomppurlin memang susaah jika fish ayi mau digimanain pun juga sistemnya random memang harus mengandalkan beruntung,pomppurlin memang susaah jika fish ayi mau digimanain pun juga sistemnya random memang harus mengandalkan beruntung,pomppurlin susaah ayi digimanain sistem random andal untung,neutral
namanyajugalea hpus aja fish,namanyajugalea hpus aja fish,namanyajugalea hpus,negative
ini fish kapan ngeluarin setruman pengen gue setrum aja ini lost isle sudah gapercaya gue sama pancingan anjj,ini fish kapan ngeluarin setruman pengen gue setrum aja ini lost isle sudah gapercaya gue sama pancingan anjj,ngeluarin setrum ken setrum lost isle gapercaya pancing anjj,negative
main mancing alias fish fish itu bukannya relax malah stres gitu mana tidak naik-naik itu secret huh semenjak kenal fish jadi makin iri dengkii =__=,main mancing alias fish fish itu bukannya relax malah stres gitu mana tidak naik-naik itu secret huh semenjak kenal fish jadi makin iri dengkii =__=,main pancing alias relax stres secret huh semenjak kenal iri dengki,negative
roblox sudah stres mancing fish sender beralih mancing gunung aja https //t.co/pdbufdwhqu,roblox sudah stres mancing fish sender beralih mancing gunung aja https //t.co/pdbufdwhqu,roblox stres pancing alih pancing gunung pdbufdwhqu,negative
fish ini bikin gilaa ajgg rill,fish ini bikin gilaa ajgg rill,gilaa ajgg real,negative
k1ssmee__ alhamdulillah karena aku lama tidak bka fish keknya talon mulai melunak dikit,k1ssmee__ alhamdulillah karena aku lama tidak bka fish keknya talon mulai melunak dikit,ssmee alhamdulillah bka kayak talon lunak dikit,positive
ini btw adek aku fish dia emang anaknya kalem sopan dan lucu,ini btw adek aku fish dia emang anaknya kalem sopan dan lucu,adek anak kalem sopan lucu,positive
sudah mulai setres main fish kbnyakan berharap bejir,sudah mulai setres main fish kbnyakan berharap bejir,tres main kbnyakan harap bejir,negative
deltanlm jejeenz betul rela tidak summit antartika hari demi fish,deltanlm jejeenz betul rela tidak summit antartika hari demi fish,deltanlm jejeenz rela summit antartika,negative
tertawa sama sender aku korban salty fish,tertawa sama sender aku korban salty fish,tawa korban salty,negative
tidak main fish tapi kebawa bawa mimpi allah,tidak main fish tapi kebawa bawa mimpi allah,main bawa bawa mimpi allah,negative
willy_wili biasa nya grup discord fish kak,willy_wili biasa nya grup discord fish kak,willy wili grup discord,positive
sekarang kok lebih nagih main fish drpd naik gunung,sekarang kok lebih nagih main fish drpd naik gunung,nagih main drpd gunung,positive
emg mayn fish serunya bagian pamernya,emg mayn fish serunya bagian pamernya,mayn seru pamer,positive
sudah lama pensiun fish mau balik takut stres,sudah lama pensiun fish mau balik takut stres,pensiun takut stres,negative
knp disensor sender gapapa spill aja namanya lagian yang main fish kebanyakan afk kok jujur aku tidak keganggu karna ngapain baca kolom chat mancing mah mancing ajaa fokus cari ikan,knp disensor sender gapapa spill aja namanya lagian yang main fish kebanyakan afk kok jujur aku tidak keganggu karna ngapain baca kolom chat mancing mah mancing ajaa fokus cari ikan,sensor gapapa spill nama main banyak away from keyboard jujur ganggu ngapain baca kolom chat pancing pancing fokus cari,neutral
28123o txtfromroblox kamu adalah aku versi fish kak rasa ingin pensiun tapi masih penasaran dikit,28123o txtfromroblox kamu adalah aku versi fish kak rasa ingin pensiun tapi masih penasaran dikit,versi pensiun penasaran dikit,neutral
mending gue main rt3 sumpah drpd fish talon kikir,mending gue main rt3 sumpah drpd fish talon kikir,main sumpah drpd talon kikir,negative
bener kata windut kalau fish game scam,bener kata windut kalau fish game scam,bener windut game scam,negative
accretiah wkwkwkwk trauma main fish,accretiah wkwkwkwk trauma main fish,accretiah wkwkwkwk trauma main,negative
ada org nya sender yang main fish sampai bego bgitu,ada org nya sender yang main fish sampai bego bgitu,orang main bego bgitu,negative
sudah difase dikira papa lagi main judi gegara nyala buat fish pdhl lagi mandi,sudah difase dikira papa lagi main judi gegara nyala buat fish pdhl lagi mandi,fase papa main judi gara-gara nyala pdhl mandi,negative
ownbygyu main fish mah perbanyak teori bersyukur kak,ownbygyu main fish mah perbanyak teori bersyukur kak,ownbygyu main banyak teori syukur,neutral
gakuat banget gue main fish tidak cocok buat org tidak sabaran seperti gue,gakuat banget gue main fish tidak cocok buat org tidak sabaran seperti gue,gakuat main cocok orang sabar,negative
sudah tidak ada nafsunya gue main fish emang paling bener gue keliling map horror aja,sudah tidak ada nafsunya gue main fish emang paling bener gue keliling map horror aja,nafsu main bener keliling map horror,negative
allah selain stres kripshit stres fish kikir juga https //t.co/7jgyn0qac3,allah selain stres kripshit stres fish kikir juga https //t.co/7jgyn0qac3,allah stres kripshit stres kikir jgyn qac,negative
kindalikemwe main fish aja cocoknya,kindalikemwe main fish aja cocoknya,kindalikemwe main cocok,positive
sejak main fish aku menjadi pribadi yang iri dengki,sejak main fish aku menjadi pribadi yang iri dengki,main pribadi iri dengki,negative
wakakakka kan tau sendiri fish isinya org2 kurang waras besok lagi kalau ketemu yang sensi begitu kamu becandain lagi aja sender,wakakakka kan tau sendiri fish isinya org2 kurang waras besok lagi kalau ketemu yang sensi begitu kamu becandain lagi aja sender,wakakakka isi orang waras besok ketemu sensi becandain,neutral
orang orang lagi demam fish tertawa,orang orang lagi demam fish tertawa,orang orang demam tawa,negative
main fish stres tidak main fish sakau,main fish stres tidak main fish sakau,main stres main sakau,negative
tidak lagi nge afk tablet buat fish kotoran ngeleg banget fish gwa anjing,tidak lagi nge afk tablet buat fish kotoran ngeleg banget fish gwa anjing,nge away from keyboard tablet kotor ngeleg gwa,negative
semenjak kenal fish aku jadi orang paling iri dan dengki,semenjak kenal fish aku jadi orang paling iri dan dengki,semenjak kenal orang iri dengki,negative
fish alat kelamin,fish alat kelamin,alat kelamin,negative
sama seperti masalahku kemarin fish juga padahal aku lagi sama temenku kebetulan temenku lagi afk fisherman jadi pas lgsg join gamenya lgsng ketemu avatarnya amp tidak jawab chat public aku tbtb dikatain kocak banget kalau emang lagi stres gkdapet secret jgn lampiasin orng,sama seperti masalahku kemarin fish juga padahal aku lagi sama temenku kebetulan temenku lagi afk fisherman jadi pas lgsg join gamenya lgsng ketemu avatarnya amp tidak jawab chat public aku tbtb dikatain kocak banget kalau emang lagi stres gkdapet secret jgn lampiasin orng,masalah kemarin teman aku teman aku away from keyboard fisherman lgsg join gamenya lgsng ketemu avatarnya chat public tbtb dikatain kocak stres gkdapet secret lampiasin orng,negative
sebenernya lebih suka gameplay fisch tapi mapnya berat dan gelap banget anjing kalau fish itu cerah colorful cakep sudah mata gue tapi sistem random nya tidak masuk akun busuk gue talon kikir,sebenernya lebih suka gameplay fisch tapi mapnya berat dan gelap banget anjing kalau fish itu cerah colorful cakep sudah mata gue tapi sistem random nya tidak masuk akun busuk gue talon kikir,sebenernya suka gameplay fisch map berat gelap cerah colorful cakep mata sistem random masuk akun busuk talon kikir,neutral
balik fish karena update jungle ini keliatan seru tapi misinya harus selesein misi yang lost isle anjing capek gweh,balik fish karena update jungle ini keliatan seru tapi misinya harus selesein misi yang lost isle anjing capek gweh,update jungle liat seru misi selesein misi lost isle capek gweh,negative
kalau dari gue sendiri gue ngerasa ganggu bagaimana biar tidak kependem aja kita atau org lain pada dapet apa kan main fish tidak selalu liat layar kadang juga tas gamau kebuka makanya liat chat publik tapi buat ngatain org gue tidak sampai gitu anjing gue cuma bilang stop yapping bisa,kalau dari gue sendiri gue ngerasa ganggu bagaimana biar tidak kependem aja kita atau org lain pada dapet apa kan main fish tidak selalu liat layar kadang juga tas gamau kebuka makanya liat chat publik tapi buat ngatain org gue tidak sampai gitu anjing gue cuma bilang stop yapping bisa,ngerasa ganggu kependem orang main lihat layar kadang tas buka lihat chat publik ngatain orang bilang stop yapping,neutral
emosi iri dengki gue makin meningkat main fish,emosi iri dengki gue makin meningkat main fish,emosi iri dengki tingkat main,negative
bangun tidur malah buka twt yang isinya orang main fish pada beruntung when when ini game emg bikin orang iri dengki ajee,bangun tidur malah buka twt yang isinya orang main fish pada beruntung when when ini game emg bikin orang iri dengki ajee,bangun tidur buka twt isi orang main untung when when game orang iri dengki ajee,negative
asdfghjjislove map mancing seperti begini yang rame ada dua kakk fish sama fisch kalau fish ini masih bisa afk karna dia ada fitur auto mancingnyaa yang susah mancingnya yang fisch,asdfghjjislove map mancing seperti begini yang rame ada dua kakk fish sama fisch kalau fish ini masih bisa afk karna dia ada fitur auto mancingnyaa yang susah mancingnya yang fisch,asdfghjjislove map pancing ramai fisch away from keyboard fitur auto mancingnyaa susah mancingnya fisch,neutral
yaallah aing cari apa sih fish tapi pengen mancing tapi anjing ipad aing nyala terus,yaallah aing cari apa sih fish tapi pengen mancing tapi anjing ipad aing nyala terus,yaallah aing cari ken pancing ipad aing nyala,negative
asdfghjjislove kak lebih baik jangan masuk fish dari pada psikis nya kena,asdfghjjislove kak lebih baik jangan masuk fish dari pada psikis nya kena,asdfghjjislove masuk psikis,negative
lah banyak anjing main fish kantor lagi kerja konyoll gaje musnah tolong org org fish seperti begini,lah banyak anjing main fish kantor lagi kerja konyoll gaje musnah tolong org org fish seperti begini,main kantor kerja konyoll gaje musnah orang orang,negative
kapan gue tamat secret gue sudah ditahap gila fish anjing mau nangis,kapan gue tamat secret gue sudah ditahap gila fish anjing mau nangis,tamat secret tahap gila nang,negative
mic fish susah suaranya ketutupan sama sound asli fish lagian itu chat publik bebas untuk siapa aja nggak perlu lah sampai ngata-ngatain nambahin dosa diri sendiri aja gas aja sender tetap gunain chat publik kamu itu,mic fish susah suaranya ketutupan sama sound asli fish lagian itu chat publik bebas untuk siapa aja nggak perlu lah sampai ngata-ngatain nambahin dosa diri sendiri aja gas aja sender tetap gunain chat publik kamu itu,mic susah suara tutup sound asli chat publik bebas ngata ngatain tambah dosa gas gunain chat publik,positive
chengxiaoshe dari kemaren dia ngedumelin fish mulu anjing tiap dosen lagi ngomong bacot bet bangsat tidak ada yang peduli sama mancing kamu alat kelamin,chengxiaoshe dari kemaren dia ngedumelin fish mulu anjing tiap dosen lagi ngomong bacot bet bangsat tidak ada yang peduli sama mancing kamu alat kelamin,chengxiaoshe kemaren ngedumelin dosen ngomong bacot bet bangsat peduli pancing alat kelamin,negative
nggak tertawa tapi kalau dia lagi main maps mana gitu aku bakal ikut join aja kenal nggak kenal soalnya rata-rata yang connect sama aku tuh buat ningkatin friend luck fish sama prospecting doang,nggak tertawa tapi kalau dia lagi main maps mana gitu aku bakal ikut join aja kenal nggak kenal soalnya rata-rata yang connect sama aku tuh buat ningkatin friend luck fish sama prospecting doang,tawa main maps join kenal kenal connect ningkatin friend luck prospecting,positive
uukazai haii aku suka main fish sama kalau kamu,uukazai haii aku suka main fish sama kalau kamu,uukazai hai suka main,positive
qmiaws siapa yang ngajak kamu seng mumpung baru hari mending kabur sekarang sebelum kamu ikutan kena penyakit fish gila,qmiaws siapa yang ngajak kamu seng mumpung baru hari mending kabur sekarang sebelum kamu ikutan kena penyakit fish gila,qmiaws ngajak seng mumpung kabur ikut sakit gila,negative
biasanya kalau sudah sampai kantor buka langsung afk fish ini tidak sama sekali soalnya muak banget capek dan bikin burnout,biasanya kalau sudah sampai kantor buka langsung afk fish ini tidak sama sekali soalnya muak banget capek dan bikin burnout,kantor buka langsung away from keyboard muak capek burnout,negative
maen fish sampai kebawa mimpi anjing,maen fish sampai kebawa mimpi anjing,main bawa mimpi,negative
ini siapa yang ngajakin aku main fish sih anjing,ini siapa yang ngajakin aku main fish sih anjing,ngajakin main,negative
mau afk fish bagaimana anjing selain pake red finger,mau afk fish bagaimana anjing selain pake red finger,away from keyboard pakai red finger,negative
the real manusia sabarnya seluas samudra samudra fish maksudnya,the real manusia sabarnya seluas samudra samudra fish maksudnya,the real manusia sabar luas samudra samudra maksud,positive
xaezzsha aku dari fish pindah gag,xaezzsha aku dari fish pindah gag,xaezzsha pindah,negative
sudah feeling anjing makanya mending mancing fish,sudah feeling anjing makanya mending mancing fish,feeling pancing,positive
cara agar ngantuk bermain fish akan kuterapkan tar malem biar bisa cepet tidur,cara agar ngantuk bermain fish akan kuterapkan tar malem biar bisa cepet tidur,ngantuk main terap tar malem cepet tidur,positive
nnykk talon kikir aku sudah muak banget join fish hanya isle,nnykk talon kikir aku sudah muak banget join fish hanya isle,nnykk talon kikir muak join isle,negative
gawat sender mulai ketagihan main fish awalnya gamau soalnya seperti apasih cuma mancing doang tapi woi ternyata ini bukan sekadar mancing roblox,gawat sender mulai ketagihan main fish awalnya gamau soalnya seperti apasih cuma mancing doang tapi woi ternyata ini bukan sekadar mancing roblox,gawat tagih main apasih pancing woi pancing roblox,neutral
mioze skem banget luck-luck begini tuh kaya tidak ada bedanya dan tetep aja ampas aku suda lost spark sama fish sedih,mioze skem banget luck-luck begini tuh kaya tidak ada bedanya dan tetep aja ampas aku suda lost spark sama fish sedih,mioze skem luck luck kaya beda tetep ampas suda lost spark sedih,negative
bye fish mnyet,bye fish mnyet,bye mnyet,negative
roblox tepat hari ini sender sebulan main fish dan belum lolos misi gospin caught sudah 200k kena kutukan 1/2.50m sudah muak dan capek banget tapi masih penasaran,roblox tepat hari ini sender sebulan main fish dan belum lolos misi gospin caught sudah 200k kena kutukan 1/2.50m sudah muak dan capek banget tapi masih penasaran,roblox bulan main lolos misi gospin caught kutu muak capek penasaran,negative
chaehyuna pernah kemaren ketemu player fish posesif banget kocak aku mancing rame-rame sama temenku dia drama banget yaudah gapapa kamu sudah bahagia sama yang lain seperti dihh,chaehyuna pernah kemaren ketemu player fish posesif banget kocak aku mancing rame-rame sama temenku dia drama banget yaudah gapapa kamu sudah bahagia sama yang lain seperti dihh,chaehyuna kemaren ketemu player posesif kocak pancing ramai ramai teman aku drama yaudah gapapa bahagia dihh,positive
gue jadi percaya chatgpt deh soal fish,gue jadi percaya chatgpt deh soal fish,percaya chatgpt,positive
saran enchant pertama yang cocok enchant prismatic fish dong gusy,saran enchant pertama yang cocok enchant prismatic fish dong gusy,saran enchant cocok enchant prismatic gusy,positive
malu sama level fish dan caught sampai sudah ditahap males berharap ikan secret skrng gue main sekedar mancing ajalah,malu sama level fish dan caught sampai sudah ditahap males berharap ikan secret skrng gue main sekedar mancing ajalah,malu level caught tahap malas harap secret skrng main dar pancing aja,positive
isinya pada main fish apakah ini tanda kalau aku harus buka fish lagi https //t.co/5cah6mbaww,isinya pada main fish apakah ini tanda kalau aku harus buka fish lagi https //t.co/5cah6mbaww,isi main tanda buka cah mbaww,positive
tlku semuanyah bahas talon bagus kah game fish belym cobak hmdmds playernya jadi pada gila gitu,tlku semuanyah bahas talon bagus kah game fish belym cobak hmdmds playernya jadi pada gila gitu,tlku semuanyah bahas talon bagus game belym cobak hmdmds playernya gila,negative
gmw main fish stres gue,gmw main fish stres gue,gmw main stres,negative
aku bimbang pink lucu tapi aku menabung buat beli bobber nderr karna ghostfinn sudah tinggal semangat quest jungle aja biar dpt rods terbaik fish itu,aku bimbang pink lucu tapi aku menabung buat beli bobber nderr karna ghostfinn sudah tinggal semangat quest jungle aja biar dpt rods terbaik fish itu,bimbang pink lucu tabung beli bobber nderr ghostfinn tinggal semangat quest jungle rods baik,positive
yourcloudnin3 auto click ini mah bisa buat afk fish,yourcloudnin3 auto click ini mah bisa buat afk fish,yourcloudnin auto click away from keyboard,positive
minipersephone buat fish nya sii iyaa pengennya gitu,minipersephone buat fish nya sii iyaa pengennya gitu,minipersephone sii iyaa ken,positive
ini kayaknya kalau bayaran listrik dirumah gue naek kayanya gegara gueh sudah soalnya 24jam gue main game fish ini anjing,ini kayaknya kalau bayaran listrik dirumah gue naek kayanya gegara gueh sudah soalnya 24jam gue main game fish ini anjing,kayak bayar listrik rumah naek kaya gara-gara gueh jam main game,negative
gue baru bangun dan lagi afk fish dan mendapatkan secret ancient jungle baru menit disana emg deserve https //t.co/etichy3wwv,gue baru bangun dan lagi afk fish dan mendapatkan secret ancient jungle baru menit disana emg deserve https //t.co/etichy3wwv,bangun away from keyboard secret ancient jungle menit sana deserve etichy wwv,positive
gue spend 900rb fish aja menyesal mana gadapet skinnya,gue spend 900rb fish aja menyesal mana gadapet skinnya,spend sesal gadapet skinnya,negative
temen temen roblox kalau ketemu ava ini fish tolong ajarin jangan bully wajar biasanya nanem syantik beralih jadi nelayan jelas planga plongo ‍️‍️ https //t.co/3xz1lxgjnb,temen temen roblox kalau ketemu ava ini fish tolong ajarin jangan bully wajar biasanya nanem syantik beralih jadi nelayan jelas planga plongo ‍️‍️ https //t.co/3xz1lxgjnb,teman teman roblox ketemu ava ajarin bully wajar nanem syantik alih nelayan planga plongo lxgjnb,positive
uwong uwong fish wangi anjing fish itku busuk talon tidak cinta aku,uwong uwong fish wangi anjing fish itku busuk talon tidak cinta aku,uwong uwong bagus itku busuk talon cinta,negative
dahlah kgk mau login fish dapet hikmahnya doang,dahlah kgk mau login fish dapet hikmahnya doang,dah kgk login hikmah,negative
kenapa hari hari fish itu lucu,kenapa hari hari fish itu lucu,lucu,positive
seru banget update fish sekarang tolong secret kamu harus naik,seru banget update fish sekarang tolong secret kamu harus naik,seru update secret,positive
ketagihan beli fish pake gift game sudah anjing,ketagihan beli fish pake gift game sudah anjing,tagih beli pakai gift game,negative
sudah paling bener harusnya gue tidak nyoba main fish,sudah paling bener harusnya gue tidak nyoba main fish,bener coba main,negative
deeyzwn berhubung paper aku sudah mau selesai jadi fish,deeyzwn berhubung paper aku sudah mau selesai jadi fish,deeyzwn hubung paper selesai,positive
nyerah banget aku main fish bye talon,nyerah banget aku main fish bye talon,nyerah main bye talon,negative
jujur sudah muak fish,jujur sudah muak fish,jujur muak,negative
saatnya afkin fish,saatnya afkin fish,afkin,positive
gue mulai merasa lelah fish,gue mulai merasa lelah fish,lelah,negative
muak denger fish anjing gue kesel ditinggal mancing mulu,muak denger fish anjing gue kesel ditinggal mancing mulu,muak denger kesel tinggal pancing,negative
deeyzwn main fish lah jelas,deeyzwn main fish lah jelas,deeyzwn main,positive
gays secret pertama gue huhuhu talon baik banget njir update map fish kli ini https //t.co/5smobkeq6x,gays secret pertama gue huhuhu talon baik banget njir update map fish kli ini https //t.co/5smobkeq6x,gays secret huhuhu talon njir update map smobkeq,positive
memanggil seluruh nelayan fish buat mutual roblox sama sender drop username robloxnya nanti sender add,memanggil seluruh nelayan fish buat mutual roblox sama sender drop username robloxnya nanti sender add,panggil nelayan mutual roblox drop username robloxnya add,positive
sudah malem waktunya boboo yang artinya apaa yapp afk fish talon please nice love,sudah malem waktunya boboo yang artinya apaa yapp afk fish talon please nice love,malem boboo apaa yapp away from keyboard talon please nice love,neutral
pengen main fish cuman gatau main nya gimaanaa,pengen main fish cuman gatau main nya gimaanaa,ken main gatau main gimaanaa,neutral
sayang aku suka mancing walaupun mancing fish https //t.co/fixfdfvkhz,sayang aku suka mancing walaupun mancing fish https //t.co/fixfdfvkhz,sayang suka pancing pancing fixfdfvkhz,positive
hyon main fish ngaak,hyon main fish ngaak,hyon main ngaak,positive
shibuyasugar mending kamu maing fish ama gue,shibuyasugar mending kamu maing fish ama gue,shibuyasugar maing ama,positive
jadi sebenernya luck fish itu work apa engga sih,jadi sebenernya luck fish itu work apa engga sih,sebenernya luck work,neutral
ajarin gue main fish,ajarin gue main fish,ajarin main,positive
demi apapun gue sepenasaran itu pgn banget dapet secret njir fish,demi apapun gue sepenasaran itu pgn banget dapet secret njir fish,apa nasar pgn secret njir,positive
main bareng fish bang,main bareng fish bang,main bareng,positive
roblox perahu baru fish lucuu banget https //t.co/ciwfpq3n0h,roblox perahu baru fish lucuu banget https //t.co/ciwfpq3n0h,roblox perahu lucuu ciwfpq,positive
kita usahain dpt ubur ubur spongebob itu fish,kita usahain dpt ubur ubur spongebob itu fish,usahain ubur ubur spongebob,positive
gue gajadi pensiun fish soalnya ada map baru,gue gajadi pensiun fish soalnya ada map baru,gajadi pensiun map,positive
giliran gue pensiun fish talon malah update double enchant,giliran gue pensiun fish talon malah update double enchant,gilir pensiun talon update double enchant,neutral
adt_game ini secret yang paling berkesan untuk aku sih secret yang berhasil membebaskan aku dari nge kos mungkin sekitar 3-4 hari nyalain nonstop waktu itu sebelum aku pakai cloudphone dan jadi bukti perjuangan aku amp teman² ketika baru pertama kali bermain fish https //t.co/dicppbwlub,adt_game ini secret yang paling berkesan untuk aku sih secret yang berhasil membebaskan aku dari nge kos mungkin sekitar 3-4 hari nyalain nonstop waktu itu sebelum aku pakai cloudphone dan jadi bukti perjuangan aku amp teman² ketika baru pertama kali bermain fish https //t.co/dicppbwlub,adt game secret kesan secret hasil bebas nge kos nyala nonstop pakai cloudphone bukti juang teman main dicppbwlub,positive
fish sudah ada update ada yang mau bareng tidak,fish sudah ada update ada yang mau bareng tidak,update bareng,positive
naoyawho fishitroblox semangat gue sudah berenti fish gatau besok,naoyawho fishitroblox semangat gue sudah berenti fish gatau besok,naoyawho fishitroblox semangat renti gatau besok,neutral
bagas beruntung banget tiap main fish gue kok bau banget tidak dapet dapet secret sebel,bagas beruntung banget tiap main fish gue kok bau banget tidak dapet dapet secret sebel,bagas untung main bau secret sebel,neutral
masih mending main roblox umur daripada sibuk ngurusin kehidupan orang sibuk gibahin orang lain sibuk iri dan dengki terhadap orang lain mending mancing fish melatih kesabaran menunggu kraken meski kadag ngsat juga ini mancing https //t.co/jqtbkdstpi,masih mending main roblox umur daripada sibuk ngurusin kehidupan orang sibuk gibahin orang lain sibuk iri dan dengki terhadap orang lain mending mancing fish melatih kesabaran menunggu kraken meski kadag ngsat juga ini mancing https //t.co/jqtbkdstpi,main roblox umur sibuk ngurusin hidup orang sibuk gibahin orang sibuk iri dengki orang pancing latih sabar tunggu kraken kadag ngsat pancing jqtbkdstpi,positive
fish smuanya sudah tersedia jadi mancing juga bisa ditinggal afk jdi cocok buat yang sibuk kerja dan lain-lain kalau fisch ngerender mapnya mayan lama trus perlengkapan kyak pancingan kapal dan lain-lain hrus bkin sndiri gasiihh ngerakit gitu trus narik ikannya juga manual,fish smuanya sudah tersedia jadi mancing juga bisa ditinggal afk jdi cocok buat yang sibuk kerja dan lain-lain kalau fisch ngerender mapnya mayan lama trus perlengkapan kyak pancingan kapal dan lain-lain hrus bkin sndiri gasiihh ngerakit gitu trus narik ikannya juga manual,smuanya sedia pancing tinggal away from keyboard jdi cocok sibuk kerja fisch ngerender map mayan trus lengkap kyak pancing kapal hrus bkin sndiri gasiihh ngerakit trus tarik ikan manual,positive
afk fish dulu,afk fish dulu,away from keyboard,positive
kok gue langsung mikirnya fish apa gue mulai mancing aja kali,kok gue langsung mikirnya fish apa gue mulai mancing aja kali,langsung mikirnya pancing,neutral
geetzz main fish aje sudah,geetzz main fish aje sudah,geetzz main aje,positive
nanti malam log fish info,nanti malam log fish info,malam log informasi,positive
ada kata mutasi inget fish,ada kata mutasi inget fish,mutasi inget,positive
fwbflix ayo berburu kraken bareng fish,fwbflix ayo berburu kraken bareng fish,fwbflix buru kraken bareng,positive
lebih pilih fish karena aku sibuk kuliah sender jadi bisa aku afk'in selesai mengerjakan tugas dan lain-lain tinggal cek isi tas ikan wakakka,lebih pilih fish karena aku sibuk kuliah sender jadi bisa aku afk'in selesai mengerjakan tugas dan lain-lain tinggal cek isi tas ikan wakakka,pilih sibuk kuliah away from keyboard selesai tugas tinggal cek isi tas wakakka,positive
jadi suka styling sejak main fish,jadi suka styling sejak main fish,suka styling main,positive
fish karena aku selalu afk,fish karena aku selalu afk,away from keyboard,positive
fish sih lebih gampang cara mainnya bagiku bisa otomatis mancing jga bisa ditinggal afk,fish sih lebih gampang cara mainnya bagiku bisa otomatis mancing jga bisa ditinggal afk,gampang main bagi otomatis pancing tinggal away from keyboard,positive
ladysiaint lalysfa_ saveyourthears sorry agak kasar sblmnya gue kasian sama org2 yang dibegoin temen kalau katanya kohana lava dinerf jgn katanya2 sudah kata gue mending gabung discord fish biar tau kasian soalnya kalian nanti nyari coin karna kata temen lokasi ini dinerf alhasil gamaksimal dapet koinnya,ladysiaint lalysfa_ saveyourthears sorry agak kasar sblmnya gue kasian sama org2 yang dibegoin temen kalau katanya kohana lava dinerf jgn katanya2 sudah kata gue mending gabung discord fish biar tau kasian soalnya kalian nanti nyari coin karna kata temen lokasi ini dinerf alhasil gamaksimal dapet koinnya,ladysiaint lalysfa saveyourthears sorry kasar sblmnya kasi orang dibegoin teman kohana lava dinerf gabung discord kasi cari coin teman lokasi dinerf alhasil gamaksimal koin,positive
lemperkucing fish sayang banget sama kamu,lemperkucing fish sayang banget sama kamu,lemperkucing sayang,positive
ladysiaint saveyourthears tidak valid ini tertawa kohana lava masi tetep yang paling bagus buat grinding kalau belum punya pancingan sekelas astral/hazmat keatas temenlu penghuni fish karbitan berarti,ladysiaint saveyourthears tidak valid ini tertawa kohana lava masi tetep yang paling bagus buat grinding kalau belum punya pancingan sekelas astral/hazmat keatas temenlu penghuni fish karbitan berarti,ladysiaint saveyourthears valid tawa kohana lava mas tetep bagus grinding pancing kelas astral hazmat atas temenlu huni karbitan,positive
apalah sender ini mau gag atau fish ntar juga ada game lain yang rame dan banyak yang bahas kalau kamu tidak nyaman ada opsi mute kata fish dsb daripada ngeributin menfess yang lagi rame,apalah sender ini mau gag atau fish ntar juga ada game lain yang rame dan banyak yang bahas kalau kamu tidak nyaman ada opsi mute kata fish dsb daripada ngeributin menfess yang lagi rame,apa ntar game ramai bahas nyaman opsi mute ngeributin menfess ramai,neutral
dnozauruz jiakh jadi sultan fish,dnozauruz jiakh jadi sultan fish,dnozauruz jiakh sultan,positive
omak mulai nagih main fish,omak mulai nagih main fish,omak nagih main,positive
pulau baru fish bagus minusnya kenapa harus ada ular,pulau baru fish bagus minusnya kenapa harus ada ular,pulau bagus minus ular,neutral
seruu banget anjing update fish banyakk questnyaa,seruu banget anjing update fish banyakk questnyaa,seruu update banyakk questnyaa,positive
aku suka main fish ayo temenann,aku suka main fish ayo temenann,suka main temenann,positive
seru updatean fish kali ini yeah tapi gue muak,seru updatean fish kali ini yeah tapi gue muak,seru updatean yeah muak,neutral
boleh juga ini fish update nya,boleh juga ini fish update nya,update,positive
jgn lupa reedem code fish adik adik,jgn lupa reedem code fish adik adik,lupa reedem code adik adik,positive
ninningg iya soalnya sudah biasa menyebar hobi mancing fish pingin cari yang beda,ninningg iya soalnya sudah biasa menyebar hobi mancing fish pingin cari yang beda,ninningg sebar hobi pancing pingin cari beda,neutral
main aja kalau mau mah sender bebas mau fish atau fisch karena aku mainnya fish aku bisa bilang kalau akun baru malah banyak yang lebih beruntung,main aja kalau mau mah sender bebas mau fish atau fisch karena aku mainnya fish aku bisa bilang kalau akun baru malah banyak yang lebih beruntung,main bebas fisch main bilang akun untung,neutral
kayanya aku gbkal bisa pensiun fish deh nyandu banget walau setres ‍️‍️,kayanya aku gbkal bisa pensiun fish deh nyandu banget walau setres ‍️‍️,kaya gbkal pensiun nyandu tres,neutral
fish ada map baruu,fish ada map baruu,map,positive
day main fish bismillah hari ini dapet secret https //t.co/vzxsrcg866,day main fish bismillah hari ini dapet secret https //t.co/vzxsrcg866,day main bismillah secret vzxsrcg,positive
saatnya kambek fish,saatnya kambek fish,kambek,positive
tinggal diblokir aja gasih keyword fish dari twitter kalian masyaallah apa-apa diributin bagaimana sender orang gamenya lagi rame fish tidak lama juga pasti bakalan keganti sama game lain,tinggal diblokir aja gasih keyword fish dari twitter kalian masyaallah apa-apa diributin bagaimana sender orang gamenya lagi rame fish tidak lama juga pasti bakalan keganti sama game lain,tinggal blokir gasih keyword twitter masyaallah diributin orang gamenya ramai ganti game,neutral
otw gila fish lagi soalnya ada pulau baru lagi,otw gila fish lagi soalnya ada pulau baru lagi,otw gila pulau,neutral
pengen nyoba main fish tapi akuu tidak mudeng,pengen nyoba main fish tapi akuu tidak mudeng,ken coba main akuu mudeng,neutral
semoga gacor slalu fish cintaku https //t.co/nw9609scgx,semoga gacor slalu fish cintaku https //t.co/nw9609scgx,gacor slalu cinta scgx,positive
excited dengan updatean fish anjenk ikannya unik-unik brengsekk,excited dengan updatean fish anjenk ikannya unik-unik brengsekk,excited updatean anjenk ikan unik unik brengsekk,positive
lucu juga ini ikan mitos fish baru tertawa https //t.co/uoievgtxk7,lucu juga ini ikan mitos fish baru tertawa https //t.co/uoievgtxk7,lucu mitos tawa uoievgtxk,positive
fish makin susah aja sihh gpp gue main dengan santai tdk mengejar ikan ikan secret talon itu,fish makin susah aja sihh gpp gue main dengan santai tdk mengejar ikan ikan secret talon itu,susah sihh gpp main santai tdk kejar secret talon,neutral
iyakan seru banget gilaa siapa yang blg fish tidak seruu,iyakan seru banget gilaa siapa yang blg fish tidak seruu,iya seru gilaa blg seruu,positive
main fish kalau ada quest baru aja questnya https //t.co/klgweaihf2,main fish kalau ada quest baru aja questnya https //t.co/klgweaihf2,main quest questnya klgweaihf,neutral
new update fish seru banget jirr tapi jiwa ini harus istirahat dulu,new update fish seru banget jirr tapi jiwa ini harus istirahat dulu,new update seru jirr jiwa istirahat,neutral
ini cara bacanya bagaimana sih teman teman maaf player baru fish,ini cara bacanya bagaimana sih teman teman maaf player baru fish,baca teman teman maaf player,neutral
pengen cepet nyampe kantorr mau main fish,pengen cepet nyampe kantorr mau main fish,ken cepet nyampe kantorr main,positive
wow bisa enchant double sekarang fish kren btul,wow bisa enchant double sekarang fish kren btul,wow enchant double kren btul,positive
fish ngincer secret doang,fish ngincer secret doang,ngincer secret,neutral
aku sebenarnya tidak keberatan sih tapi karna tidak main fish jadinya kurang ngerti tertawa,aku sebenarnya tidak keberatan sih tapi karna tidak main fish jadinya kurang ngerti tertawa,berat main ngerti tawa,neutral
fish seru banget anjing roblox,fish seru banget anjing roblox,seru roblox,positive
helpp aku ketagihan main fish,helpp aku ketagihan main fish,helpp tagih main,neutral
siapa yang pagi pagi diajak mancing cobain update fish https //t.co/przaobfbdq,siapa yang pagi pagi diajak mancing cobain update fish https //t.co/przaobfbdq,pagi pagi ajak pancing cobain update przaobfbdq,positive
fish crocodile mutasi petir cakep banget oikk,fish crocodile mutasi petir cakep banget oikk,crocodile mutasi petir cakep oikk,positive
ini deh info dari temen temen discord fish https //t.co/rgjgd3vy9q,ini deh info dari temen temen discord fish https //t.co/rgjgd3vy9q,informasi teman teman discord rgjgd,positive
mari afk fish lagi part,mari afk fish lagi part,away from keyboard part,neutral
pengen nyoba fish takut kecanduan beli skin pancingan,pengen nyoba fish takut kecanduan beli skin pancingan,ken coba takut candu beli skin pancing,neutral
tadinya gue gitu sender sebelum gue akhirnya bertemu fish jdi ketagihan main map fish anjing,tadinya gue gitu sender sebelum gue akhirnya bertemu fish jdi ketagihan main map fish anjing,temu jdi tagih main map,neutral
nyari temen main bareng fish yang suka mancing sambil discord ngobrolin apa aja walau roblox nya afk mancing plss ayo kita discord gabutt anjing sambil scroll scroll atau tiktok gass aja yang penting ada temen tertawa,nyari temen main bareng fish yang suka mancing sambil discord ngobrolin apa aja walau roblox nya afk mancing plss ayo kita discord gabutt anjing sambil scroll scroll atau tiktok gass aja yang penting ada temen tertawa,cari teman main bareng suka pancing discord ngobrolin roblox away from keyboard pancing plss discord gabutt scroll scroll tiktok gas teman tawa,neutral
pengen nyobain ikutan fish tapi takut akun aku bau level 290 masih belom dpt,pengen nyobain ikutan fish tapi takut akun aku bau level 290 masih belom dpt,ken nyobain ikut takut akun bau level,neutral
butuh banget teman main fish bingung kalau dapat secret pamer kemana,butuh banget teman main fish bingung kalau dapat secret pamer kemana,butuh teman main bingung secret pamer,neutral
dari fish kita belajar semua punya proses masing-masing ‍↔️,dari fish kita belajar semua punya proses masing-masing ‍↔️,ajar proses left right arrow,neutral
kangen banget fish yang update tiap jam subuh dan tepat waktu banget huwaa,kangen banget fish yang update tiap jam subuh dan tepat waktu banget huwaa,kangen update jam subuh huwaa,neutral
gara2 fish tidak keurus ini map untung tinggal fitur2nya aja fagh racun gitu fishitroblox,gara2 fish tidak keurus ini map untung tinggal fitur2nya aja fagh racun gitu fishitroblox,urus map untung tinggal fitur fuck racun fishitroblox,neutral
